"Data","Último","Abertura","Máxima","Mínima","Var%"
"31.08.2020","5,4925","5,3850","5,4949","5,3850","1,94%"
"28.08.2020","5,3881","5,5700","5,5702","5,3855","-3,27%"
"27.08.2020","5,5700","5,6069","5,6210","5,5452","-0,63%"
"26.08.2020","5,6054","5,5090","5,6342","5,5089","1,78%"
"25.08.2020","5,5075","5,6112","5,6136","5,5049","-1,83%"
"24.08.2020","5,6100","5,5773","5,6148","5,5589","-0,16%"
"21.08.2020","5,6192","5,5587","5,6332","5,5554","1,12%"
"20.08.2020","5,5568","5,5573","5,6733","5,5381","-0,01%"
"19.08.2020","5,5575","5,4674","5,5619","5,4345","1,66%"
"18.08.2020","5,4666","5,5098","5,5168","5,4206","-0,78%"
"17.08.2020","5,5095","5,4410","5,5145","5,4112","1,64%"
"14.08.2020","5,4204","5,3699","5,4422","5,3573","0,96%"
"13.08.2020","5,3690","5,4356","5,4362","5,3490","-1,18%"
"12.08.2020","5,4333","5,3819","5,4925","5,3819","0,99%"
"11.08.2020","5,3800","5,4809","5,4822","5,3716","-1,85%"
"10.08.2020","5,4812","5,4395","5,4907","5,3517","0,78%"
"07.08.2020","5,4387","5,3442","5,4394","5,3401","1,99%"
"06.08.2020","5,3327","5,2915","5,3721","5,2915","0,78%"
"05.08.2020","5,2916","5,2439","5,3204","5,2317","0,01%"
"04.08.2020","5,2912","5,3205","5,3775","5,2744","-0,57%"
"03.08.2020","5,3215","5,2223","5,3364","5,2115","1,86%"
"31.07.2020","5,2242","5,1541","5,2298","5,1531","1,34%"
"30.07.2020","5,1551","5,1705","5,2165","5,1435","-0,28%"
"29.07.2020","5,1695","5,1383","5,1845","5,1145","0,31%"
"28.07.2020","5,1536","5,1493","5,2045","5,1346","0,15%"
"27.07.2020","5,1457","5,2332","5,2332","5,1410","-1,68%"
"24.07.2020","5,2334","5,2127","5,2533","5,1596","0,41%"
"23.07.2020","5,2119","5,1191","5,2262","5,1188","1,84%"
"22.07.2020","5,1178","5,1707","5,2028","5,0827","-1,06%"
"21.07.2020","5,1728","5,3291","5,3291","5,1647","-2,93%"
"20.07.2020","5,3291","5,3870","5,3893","5,3280","-1,03%"
"17.07.2020","5,3845","5,3243","5,3923","5,3155","1,00%"
"16.07.2020","5,3313","5,3697","5,3928","5,3064","-0,75%"
"15.07.2020","5,3716","5,3096","5,3910","5,2917","0,06%"
"14.07.2020","5,3684","5,4032","5,4542","5,3306","-0,66%"
"13.07.2020","5,4043","5,3130","5,4098","5,3105","1,51%"
"10.07.2020","5,3240","5,3390","5,3946","5,3128","-0,36%"
"09.07.2020","5,3431","5,3450","5,3788","5,2450","-0,01%"
"08.07.2020","5,3438","5,3840","5,3941","5,3178","-0,66%"
"07.07.2020","5,3793","5,3559","5,4017","5,2880","0,41%"
"06.07.2020","5,3572","5,3150","5,3592","5,2609","0,77%"
"03.07.2020","5,3161","5,3523","5,3807","5,3047","-0,82%"
"02.07.2020","5,3599","5,3185","5,3752","5,2656","0,78%"
"01.07.2020","5,3186","5,4660","5,4763","5,2985","-2,64%"
"30.06.2020","5,4630","5,4005","5,5075","5,4005","1,10%"
"29.06.2020","5,4037","5,4847","5,4847","5,3892","-1,50%"
"26.06.2020","5,4858","5,3608","5,4931","5,3608","2,41%"
"25.06.2020","5,3564","5,3476","5,3802","5,2663","0,16%"
"24.06.2020","5,3479","5,1525","5,3549","5,1525","3,75%"
"23.06.2020","5,1544","5,2524","5,2537","5,1336","-1,89%"
"22.06.2020","5,2537","5,2904","5,2968","5,1972","-1,10%"
"19.06.2020","5,3122","5,3780","5,3821","5,2881","-1,22%"
"18.06.2020","5,3779","5,2291","5,3884","5,2277","2,85%"
"17.06.2020","5,2288","5,2446","5,2716","5,1814","-0,30%"
"16.06.2020","5,2445","5,1173","5,2549","5,0477","1,72%"
"15.06.2020","5,1560","5,1314","5,2260","5,0786","2,06%"
"12.06.2020","5,0518","4,9774","5,1118","4,9765","1,51%"
"11.06.2020","4,9765","4,9740","4,9765","4,9740","0,04%"
"10.06.2020","4,9745","4,9000","4,9789","4,8380","1,52%"
"09.06.2020","4,9002","4,8229","4,9359","4,8229","1,59%"
"08.06.2020","4,8235","4,9619","4,9774","4,8175","-2,74%"
"05.06.2020","4,9592","5,1186","5,1196","4,9328","-3,14%"
"04.06.2020","5,1200","5,0624","5,1418","5,0244","1,11%"
"03.06.2020","5,0637","5,2007","5,2109","5,0159","-2,65%"
"02.06.2020","5,2017","5,3672","5,3700","5,1989","-3,04%"
"01.06.2020","5,3650","5,3340","5,4196","5,3100","0,53%"
"29.05.2020","5,3370","5,4049","5,4630","5,3190","-1,28%"
"28.05.2020","5,4060","5,2743","5,4113","5,2743","2,50%"
"27.05.2020","5,2743","5,3418","5,3610","5,2691","-1,34%"
"26.05.2020","5,3460","5,4432","5,4432","5,3340","-1,85%"
"25.05.2020","5,4467","5,4942","5,5301","5,4321","-1,58%"
"22.05.2020","5,5340","5,5536","5,6256","5,5229","-0,33%"
"21.05.2020","5,5524","5,6925","5,7062","5,5473","-2,48%"
"20.05.2020","5,6933","5,7559","5,7572","5,6694","-1,08%"
"19.05.2020","5,7558","5,7192","5,7687","5,6820","0,62%"
"18.05.2020","5,7204","5,8565","5,8565","5,6942","-2,33%"
"15.05.2020","5,8570","5,8110","5,8734","5,7590","0,76%"
"14.05.2020","5,8130","5,9248","5,9718","5,8022","-1,26%"
"13.05.2020","5,8870","5,8863","5,9440","5,8176","0,01%"
"12.05.2020","5,8864","5,8190","5,8949","5,7420","1,16%"
"11.05.2020","5,8191","5,7825","5,8404","5,7651","1,50%"
"08.05.2020","5,7329","5,9917","5,9922","5,7178","-1,71%"
"07.05.2020","5,8324","5,7158","5,8770","5,7158","2,05%"
"06.05.2020","5,7155","5,5750","5,7235","5,5750","2,43%"
"05.05.2020","5,5797","5,5424","5,6044","5,4818","0,61%"
"04.05.2020","5,5459","5,6141","5,6143","5,5187","1,09%"
"01.05.2020","5,4861","5,4861","5,4861","5,4861","-0,03%"
"30.04.2020","5,4875","5,3346","5,4875","5,3306","2,84%"
"29.04.2020","5,3361","5,5019","5,5280","5,3340","-3,00%"
"28.04.2020","5,5012","5,6085","5,6221","5,4710","-2,71%"
"27.04.2020","5,6543","5,5427","5,7260","5,5345","1,12%"
"24.04.2020","5,5915","5,5339","5,7484","5,5339","1,02%"
"23.04.2020","5,5352","5,4557","5,5567","5,4008","1,41%"
"22.04.2020","5,4583","5,3184","5,4644","5,3028","2,66%"
"21.04.2020","5,3168","5,3172","5,3176","5,3166","-0,01%"
"20.04.2020","5,3175","5,2864","5,3201","5,2642","1,53%"
"17.04.2020","5,2373","5,2341","5,2761","5,2066","0,07%"
"16.04.2020","5,2336","5,2336","5,2683","5,2007","-0,09%"
"15.04.2020","5,2385","5,2228","5,2684","5,2157","1,45%"
"14.04.2020","5,1636","5,1811","5,2123","5,1484","-0,71%"
"13.04.2020","5,2007","5,1219","5,2088","5,1038","1,84%"
"10.04.2020","5,1068","5,1068","5,1068","5,1068","-0,01%"
"09.04.2020","5,1073","5,1260","5,1533","5,0487","-0,33%"
"08.04.2020","5,1241","5,2237","5,2489","5,1112","-1,89%"
"07.04.2020","5,2229","5,2817","5,2868","5,1819","-1,22%"
"06.04.2020","5,2873","5,2998","5,3114","5,2235","-1,19%"
"03.04.2020","5,3509","5,2566","5,3541","5,2557","1,85%"
"02.04.2020","5,2536","5,2485","5,2850","5,2221","0,08%"
"01.04.2020","5,2495","5,2252","5,2747","5,2210","0,85%"
"31.03.2020","5,2053","5,1881","5,2150","5,1680","0,21%"
"30.03.2020","5,1943","5,1180","5,1961","5,1128","1,84%"
"27.03.2020","5,1005","5,0235","5,1283","5,0235","1,56%"
"26.03.2020","5,0219","5,0349","5,0660","4,9733","-0,29%"
"25.03.2020","5,0366","5,0995","5,1109","4,9722","-1,23%"
"24.03.2020","5,0995","5,1431","5,1431","5,0412","-0,88%"
"23.03.2020","5,1446","5,0628","5,1479","5,0050","1,59%"
"20.03.2020","5,0640","5,0010","5,0662","4,9820","-0,63%"
"19.03.2020","5,0960","5,1098","5,2140","5,0682","-0,23%"
"18.03.2020","5,1075","5,0099","5,2550","5,0081","1,95%"
"17.03.2020","5,0100","5,0370","5,0881","4,9607","0,19%"
"16.03.2020","5,0005","4,8593","5,0683","4,8593","2,90%"
"13.03.2020","4,8595","4,7100","4,8815","4,6426","1,42%"
"12.03.2020","4,7916","4,8154","5,0284","4,7496","-0,49%"
"11.03.2020","4,8152","4,6406","4,8289","4,6406","3,69%"
"10.03.2020","4,6439","4,6741","4,6881","4,6352","-1,71%"
"09.03.2020","4,7246","4,7601","4,7954","4,7064","2,10%"
"06.03.2020","4,6272","4,6355","4,6713","4,6101","0,43%"
"05.03.2020","4,6076","4,5988","4,6666","4,5839","0,49%"
"04.03.2020","4,5850","4,5133","4,5880","4,5019","1,55%"
"03.03.2020","4,5148","4,4744","4,5183","4,4517","0,90%"
"02.03.2020","4,4744","4,4950","4,5065","4,4692","0,02%"
"28.02.2020","4,4736","4,5066","4,5138","4,4634","-0,28%"
"27.02.2020","4,4863","4,4486","4,5015","4,4462","0,80%"
"26.02.2020","4,4505","4,3875","4,4553","4,3875","1,42%"
"25.02.2020","4,3883","4,3883","4,3883","4,3875","0,00%"
"24.02.2020","4,3883","4,3883","4,3883","4,3883","-0,03%"
"21.02.2020","4,3898","4,3941","4,4066","4,3700","-0,09%"
"20.02.2020","4,3936","4,3651","4,3982","4,3572","0,65%"
"19.02.2020","4,3653","4,3567","4,3778","4,3564","0,22%"
"18.02.2020","4,3559","4,3281","4,3640","4,3251","0,66%"
"17.02.2020","4,3273","4,2999","4,3318","4,2969","0,69%"
"14.02.2020","4,2976","4,3506","4,3506","4,2903","-1,21%"
"13.02.2020","4,3502","4,3552","4,3834","4,3075","-0,11%"
"12.02.2020","4,3552","4,3323","4,3557","4,3231","0,54%"
"11.02.2020","4,3318","4,3250","4,3405","4,2962","0,15%"
"10.02.2020","4,3251","4,3204","4,3289","4,3034","0,10%"
"07.02.2020","4,3206","4,2825","4,3238","4,2794","0,89%"
"06.02.2020","4,2825","4,2356","4,2862","4,2082","1,10%"
"05.02.2020","4,2357","4,2555","4,2611","4,2257","-0,45%"
"04.02.2020","4,2547","4,2478","4,2622","4,2229","0,16%"
"03.02.2020","4,2480","4,2805","4,2829","4,2294","-0,80%"
"31.01.2020","4,2824","4,2440","4,2904","4,2440","0,92%"
"30.01.2020","4,2432","4,2306","4,2722","4,2305","0,30%"
"29.01.2020","4,2306","4,1950","4,2325","4,1806","0,86%"
"28.01.2020","4,1945","4,2111","4,2164","4,1864","-0,31%"
"27.01.2020","4,2077","4,1834","4,2317","4,1799","0,62%"
"24.01.2020","4,1817","4,1706","4,1917","4,1646","0,26%"
"23.01.2020","4,1707","4,1829","4,1903","4,1551","-0,29%"
"22.01.2020","4,1829","4,2011","4,2055","4,1716","-0,71%"
"21.01.2020","4,2126","4,1885","4,2174","4,1826","0,53%"
"20.01.2020","4,1902","4,1654","4,1917","4,1624","0,68%"
"17.01.2020","4,1620","4,1851","4,1935","4,1584","-0,55%"
"16.01.2020","4,1851","4,1754","4,2007","4,1585","0,23%"
"15.01.2020","4,1756","4,1313","4,1859","4,1303","1,03%"
"14.01.2020","4,1330","4,1476","4,1616","4,1205","-0,33%"
"13.01.2020","4,1468","4,0895","4,1468","4,0877","1,23%"
"10.01.2020","4,0963","4,0938","4,1045","4,0613","0,09%"
"09.01.2020","4,0927","4,0647","4,0934","4,0569","0,68%"
"08.01.2020","4,0649","4,0677","4,0784","4,0396","-0,07%"
"07.01.2020","4,0679","4,0622","4,0924","4,0543","0,15%"
"06.01.2020","4,0618","4,0565","4,0743","4,0458","-0,13%"
"03.01.2020","4,0672","4,0253","4,0718","4,0253","1,02%"
"02.01.2020","4,0263","4,0198","4,0412","4,0031","0,17%"
"01.01.2020","4,0195","4,0195","4,0195","4,0195","0,00%"
"31.12.2019","4,0195","4,0201","4,0201","4,0195","0,00%"
"30.12.2019","4,0195","4,0484","4,0484","4,0084","-0,65%"
"27.12.2019","4,0460","4,0568","4,0614","4,0339","-0,25%"
"26.12.2019","4,0560","4,0827","4,0827","4,0453","-0,68%"
"25.12.2019","4,0838","4,0838","4,0838","4,0838","0,00%"
"24.12.2019","4,0838","4,0838","4,0838","4,0838","0,01%"
"23.12.2019","4,0835","4,1015","4,1015","4,0571","-0,46%"
"20.12.2019","4,1025","4,0706","4,1025","4,0576","0,81%"
"19.12.2019","4,0697","4,0633","4,0703","4,0503","0,16%"
"18.12.2019","4,0634","4,0687","4,0764","4,0463","-0,21%"
"17.12.2019","4,0719","4,0630","4,0780","4,0503","0,21%"
"16.12.2019","4,0632","4,1095","4,1095","4,0544","-1,10%"
"13.12.2019","4,1082","4,0912","4,1178","4,0751","0,43%"
"12.12.2019","4,0908","4,1241","4,1311","4,0813","-0,81%"
"11.12.2019","4,1242","4,1466","4,1470","4,1067","-0,55%"
"10.12.2019","4,1470","4,1429","4,1513","4,1323","0,11%"
"09.12.2019","4,1425","4,1417","4,1608","4,1230","0,03%"
"06.12.2019","4,1414","4,1859","4,1947","4,1330","-1,07%"
"05.12.2019","4,1860","4,2080","4,2236","4,1764","-0,52%"
"04.12.2019","4,2080","4,2055","4,2104","4,1818","0,03%"
"03.12.2019","4,2066","4,2237","4,2245","4,1840","-0,40%"
"02.12.2019","4,2234","4,2365","4,2536","4,2070","-0,31%"
"29.11.2019","4,2367","4,1895","4,2457","4,1823","1,11%"
"28.11.2019","4,1902","4,2642","4,2659","4,1901","-1,73%"
"27.11.2019","4,2638","4,2294","4,2710","4,2264","0,72%"
"26.11.2019","4,2332","4,2271","4,2773","4,2271","0,15%"
"25.11.2019","4,2268","4,1989","4,2312","4,1868","0,72%"
"22.11.2019","4,1966","4,1943","4,2011","4,1719","0,08%"
"21.11.2019","4,1932","4,1951","4,2241","4,1821","-0,08%"
"20.11.2019","4,1965","4,1942","4,1980","4,1942","0,05%"
"19.11.2019","4,1945","4,2055","4,2194","4,1851","-0,56%"
"18.11.2019","4,2180","4,1780","4,2196","4,1692","0,52%"
"15.11.2019","4,1962","4,1962","4,1962","4,1962","0,03%"
"14.11.2019","4,1951","4,1700","4,1989","4,1616","0,59%"
"13.11.2019","4,1704","4,1695","4,1901","4,1626","0,06%"
"12.11.2019","4,1677","4,1531","4,1878","4,1421","0,38%"
"11.11.2019","4,1518","4,1666","4,1712","4,1352","-0,28%"
"08.11.2019","4,1635","4,1143","4,1707","4,1079","1,53%"
"07.11.2019","4,1007","4,0833","4,1035","4,0413","0,42%"
"06.11.2019","4,0836","3,9937","4,0903","3,9747","2,25%"
"05.11.2019","3,9937","4,0125","4,0239","3,9827","-0,55%"
"04.11.2019","4,0156","3,9886","4,0198","3,9743","0,63%"
"01.11.2019","3,9903","4,0179","4,0207","3,9691","-0,70%"
"31.10.2019","4,0184","3,9932","4,0383","3,9638","0,69%"
"30.10.2019","3,9909","4,0000","4,0332","3,9823","-0,19%"
"29.10.2019","3,9986","3,9915","4,0052","3,9834","0,19%"
"28.10.2019","3,9910","4,0027","4,0098","3,9726","-0,32%"
"25.10.2019","4,0038","4,0427","4,0427","3,9913","-0,93%"
"24.10.2019","4,0415","4,0380","4,0465","3,9994","0,17%"
"23.10.2019","4,0346","4,0812","4,0930","4,0274","-1,16%"
"22.10.2019","4,0819","4,1291","4,1312","4,0598","-1,15%"
"21.10.2019","4,1293","4,1114","4,1524","4,1114","0,43%"
"18.10.2019","4,1117","4,1646","4,1666","4,1098","-1,26%"
"17.10.2019","4,1643","4,1520","4,1818","4,1269","0,30%"
"16.10.2019","4,1518","4,1802","4,1879","4,1475","-0,69%"
"15.10.2019","4,1807","4,1261","4,1814","4,1209","1,31%"
"14.10.2019","4,1265","4,1073","4,1383","4,1073","0,41%"
"11.10.2019","4,1097","4,1071","4,1261","4,0803","0,00%"
"10.10.2019","4,1095","4,1101","4,1377","4,0891","-0,02%"
"09.10.2019","4,1104","4,0965","4,1120","4,0705","0,37%"
"08.10.2019","4,0954","4,1074","4,1137","4,0739","-0,28%"
"07.10.2019","4,1071","4,0563","4,1095","4,0560","1,27%"
"04.10.2019","4,0556","4,0845","4,0856","4,0496","-0,70%"
"03.10.2019","4,0841","4,1296","4,1306","4,0743","-1,09%"
"02.10.2019","4,1293","4,1580","4,1821","4,1270","-0,71%"
"01.10.2019","4,1590","4,1575","4,1863","4,1524","0,08%"
"30.09.2019","4,1556","4,1618","4,1720","4,1411","-0,11%"
"27.09.2019","4,1602","4,1706","4,1712","4,1437","-0,26%"
"26.09.2019","4,1711","4,1475","4,1733","4,1208","0,53%"
"25.09.2019","4,1490","4,1649","4,1955","4,1448","-0,38%"
"24.09.2019","4,1650","4,1643","4,1842","4,1531","0,03%"
"23.09.2019","4,1638","4,1495","4,1849","4,1447","0,38%"
"20.09.2019","4,1480","4,1678","4,1841","4,1460","-0,48%"
"19.09.2019","4,1678","4,1109","4,1688","4,1076","1,38%"
"18.09.2019","4,1112","4,0779","4,1147","4,0726","0,82%"
"17.09.2019","4,0777","4,0944","4,1170","4,0708","-0,08%"
"16.09.2019","4,0810","4,0854","4,1070","4,0745","-0,10%"
"13.09.2019","4,0849","4,0615","4,0959","4,0429","0,59%"
"12.09.2019","4,0608","4,0682","4,0712","4,0266","-0,18%"
"11.09.2019","4,0680","4,0814","4,0928","4,0507","-0,31%"
"10.09.2019","4,0808","4,0963","4,1302","4,0793","-0,35%"
"09.09.2019","4,0953","4,0639","4,1050","4,0480","0,82%"
"06.09.2019","4,0618","4,1094","4,1094","4,0531","-1,16%"
"05.09.2019","4,1094","4,0960","4,1159","4,0704","0,35%"
"04.09.2019","4,0950","4,1674","4,1677","4,0888","-1,75%"
"03.09.2019","4,1681","4,1860","4,1860","4,1497","-0,45%"
"02.09.2019","4,1871","4,1444","4,1901","4,1414","1,01%"
"30.08.2019","4,1453","4,1699","4,1715","4,1197","-0,56%"
"29.08.2019","4,1688","4,1692","4,1776","4,1414","0,01%"
"28.08.2019","4,1682","4,1265","4,1690","4,1265","0,90%"
"27.08.2019","4,1311","4,1579","4,1954","4,1212","-0,63%"
"26.08.2019","4,1571","4,1193","4,1691","4,1022","0,91%"
"23.08.2019","4,1198","4,0704","4,1320","4,0492","1,21%"
"22.08.2019","4,0706","4,0263","4,0812","4,0160","1,09%"
"21.08.2019","4,0269","4,0546","4,0551","4,0129","-0,67%"
"20.08.2019","4,0542","4,0754","4,0761","4,0268","-0,49%"
"19.08.2019","4,0743","4,0023","4,0758","3,9897","1,71%"
"16.08.2019","4,0058","3,9918","4,0080","3,9749","0,37%"
"15.08.2019","3,9910","4,0503","4,0515","3,9785","-1,52%"
"14.08.2019","4,0526","3,9639","4,0539","3,9624","2,18%"
"13.08.2019","3,9660","3,9862","4,0136","3,9454","-0,49%"
"12.08.2019","3,9855","3,9393","4,0126","3,9382","1,11%"
"09.08.2019","3,9416","3,9203","3,9504","3,9200","0,55%"
"08.08.2019","3,9199","3,9694","3,9703","3,9184","-1,24%"
"07.08.2019","3,9691","3,9619","3,9931","3,9449","0,20%"
"06.08.2019","3,9612","3,9758","3,9866","3,9356","-0,43%"
"05.08.2019","3,9783","3,8859","3,9786","3,8859","2,29%"
"02.08.2019","3,8893","3,8411","3,8937","3,8397","1,28%"
"01.08.2019","3,8403","3,8165","3,8618","3,8115","0,72%"
"31.07.2019","3,8129","3,7897","3,8236","3,7474","0,59%"
"30.07.2019","3,7906","3,7824","3,8000","3,7751","0,24%"
"29.07.2019","3,7816","3,7750","3,8007","3,7750","0,15%"
"26.07.2019","3,7761","3,7795","3,7946","3,7593","-0,08%"
"25.07.2019","3,7790","3,7744","3,8068","3,7546","0,14%"
"24.07.2019","3,7736","3,7750","3,7797","3,7520","-0,00%"
"23.07.2019","3,7737","3,7405","3,7794","3,7402","0,88%"
"22.07.2019","3,7407","3,7456","3,7481","3,7288","-0,23%"
"19.07.2019","3,7494","3,7199","3,7550","3,7199","0,81%"
"18.07.2019","3,7193","3,7645","3,7645","3,7178","-1,19%"
"17.07.2019","3,7641","3,7692","3,7692","3,7542","-0,12%"
"16.07.2019","3,7687","3,7559","3,7717","3,7515","0,32%"
"15.07.2019","3,7567","3,7367","3,7588","3,7281","0,52%"
"12.07.2019","3,7373","3,7577","3,7644","3,7304","-0,47%"
"11.07.2019","3,7551","3,7549","3,7675","3,7346","0,01%"
"10.07.2019","3,7546","3,7883","3,7942","3,7496","-1,21%"
"09.07.2019","3,8005","3,8076","3,8076","3,8005","-0,18%"
"08.07.2019","3,8073","3,8160","3,8179","3,7991","-0,39%"
"05.07.2019","3,8221","3,8024","3,8386","3,7976","0,55%"
"04.07.2019","3,8011","3,8266","3,8293","3,7828","-0,68%"
"03.07.2019","3,8272","3,8468","3,8758","3,8150","-0,48%"
"02.07.2019","3,8456","3,8412","3,8813","3,8182","0,13%"
"01.07.2019","3,8405","3,8375","3,8488","3,8086","-0,30%"
"28.06.2019","3,8520","3,8189","3,8520","3,8128","0,85%"
"27.06.2019","3,8196","3,8461","3,8728","3,8171","-0,65%"
"26.06.2019","3,8445","3,8481","3,8590","3,8314","-0,09%"
"25.06.2019","3,8480","3,8264","3,8590","3,8182","0,59%"
"24.06.2019","3,8254","3,8216","3,8381","3,8065","0,16%"
"21.06.2019","3,8192","3,8313","3,8458","3,8119","-0,52%"
"20.06.2019","3,8390","3,8387","3,8397","3,8387","0,00%"
"19.06.2019","3,8390","3,8603","3,8840","3,8376","-0,55%"
"18.06.2019","3,8603","3,8899","3,8899","3,8489","-0,72%"
"17.06.2019","3,8883","3,8967","3,9245","3,8792","-0,19%"
"14.06.2019","3,8958","3,8491","3,9135","3,8479","1,22%"
"13.06.2019","3,8487","3,8670","3,8675","3,8342","-0,48%"
"12.06.2019","3,8672","3,8573","3,8723","3,8293","0,26%"
"11.06.2019","3,8571","3,8870","3,8870","3,8420","-0,81%"
"10.06.2019","3,8887","3,8763","3,9003","3,8674","0,25%"
"07.06.2019","3,8789","3,8806","3,8864","3,8505","-0,02%"
"06.06.2019","3,8798","3,8813","3,8878","3,8563","-0,03%"
"05.06.2019","3,8811","3,8569","3,9036","3,8357","0,68%"
"04.06.2019","3,8548","3,8857","3,8899","3,8485","-0,80%"
"03.06.2019","3,8859","3,9233","3,9349","3,8823","-0,94%"
"31.05.2019","3,9228","3,9802","3,9988","3,9090","-1,48%"
"30.05.2019","3,9818","3,9743","3,9931","3,9542","0,18%"
"29.05.2019","3,9747","4,0247","4,0408","3,9678","-1,24%"
"28.05.2019","4,0247","4,0432","4,0539","4,0101","-0,44%"
"27.05.2019","4,0423","4,0134","4,0441","4,0042","0,49%"
"24.05.2019","4,0225","4,0426","4,0485","4,0092","-0,44%"
"23.05.2019","4,0401","4,0405","4,0717","4,0255","-0,00%"
"22.05.2019","4,0403","4,0384","4,0530","4,0062","0,03%"
"21.05.2019","4,0390","4,0966","4,1136","4,0329","-1,41%"
"20.05.2019","4,0968","4,1014","4,1217","4,0774","-0,08%"
"17.05.2019","4,0999","4,0480","4,1129","4,0472","1,31%"
"16.05.2019","4,0469","4,0014","4,0542","3,9933","1,13%"
"15.05.2019","4,0017","3,9765","4,0218","3,9735","0,67%"
"14.05.2019","3,9751","3,9926","3,9952","3,9661","-0,47%"
"13.05.2019","3,9939","3,9771","4,0057","3,9733","0,93%"
"10.05.2019","3,9572","3,9470","3,9736","3,9363","0,27%"
"09.05.2019","3,9466","3,9283","3,9818","3,9283","0,46%"
"08.05.2019","3,9285","3,9708","3,9781","3,9251","-1,07%"
"07.05.2019","3,9710","3,9710","4,0006","3,9640","0,04%"
"06.05.2019","3,9695","3,9386","3,9754","3,9386","0,79%"
"03.05.2019","3,9382","3,9669","3,9684","3,9304","-0,70%"
"02.05.2019","3,9661","3,9198","3,9722","3,9181","1,17%"
"01.05.2019","3,9202","3,9201","3,9220","3,9182","-0,03%"
"30.04.2019","3,9215","3,9453","3,9573","3,9127","-0,61%"
"29.04.2019","3,9456","3,9304","3,9466","3,9214","0,41%"
"26.04.2019","3,9293","3,9505","3,9758","3,9194","-0,63%"
"25.04.2019","3,9542","3,9918","4,0071","3,9467","-0,96%"
"24.04.2019","3,9927","3,9204","3,9942","3,9185","1,83%"
"23.04.2019","3,9211","3,9370","3,9648","3,9131","-0,39%"
"22.04.2019","3,9365","3,9268","3,9394","3,9127","0,23%"
"19.04.2019","3,9275","3,9275","3,9275","3,9275","0,00%"
"18.04.2019","3,9274","3,9409","3,9522","3,9047","-0,27%"
"17.04.2019","3,9382","3,9052","3,9477","3,8859","0,88%"
"16.04.2019","3,9040","3,8730","3,9085","3,8687","0,82%"
"15.04.2019","3,8723","3,8811","3,8908","3,8588","-0,25%"
"12.04.2019","3,8819","3,8584","3,9080","3,8575","0,61%"
"11.04.2019","3,8582","3,8264","3,8636","3,8264","0,87%"
"10.04.2019","3,8251","3,8511","3,8542","3,8144","-0,67%"
"09.04.2019","3,8510","3,8500","3,8649","3,8462","0,04%"
"08.04.2019","3,8495","3,8720","3,8773","3,8415","-0,62%"
"05.04.2019","3,8735","3,8589","3,8766","3,8415","0,38%"
"04.04.2019","3,8590","3,8708","3,8876","3,8472","-0,28%"
"03.04.2019","3,8700","3,8538","3,8824","3,8327","0,42%"
"02.04.2019","3,8537","3,8523","3,8800","3,8483","0,05%"
"01.04.2019","3,8518","3,8897","3,8932","3,8492","-1,86%"
"29.03.2019","3,9247","3,9016","3,9347","3,8679","0,61%"
"28.03.2019","3,9010","3,9927","4,0159","3,8982","-2,32%"
"27.03.2019","3,9935","3,8739","4,0019","3,8725","3,00%"
"26.03.2019","3,8773","3,8529","3,8794","3,8333","0,59%"
"25.03.2019","3,8544","3,9047","3,9374","3,8438","-1,35%"
"22.03.2019","3,9071","3,7928","3,9169","3,7928","3,01%"
"21.03.2019","3,7930","3,7761","3,8382","3,7639","0,44%"
"20.03.2019","3,7763","3,7921","3,7994","3,7386","-0,34%"
"19.03.2019","3,7891","3,7912","3,8001","3,7647","-0,06%"
"18.03.2019","3,7915","3,8161","3,8277","3,7832","-0,60%"
"15.03.2019","3,8144","3,8453","3,8725","3,8081","-0,78%"
"14.03.2019","3,8443","3,8157","3,8556","3,8142","0,78%"
"13.03.2019","3,8147","3,8113","3,8352","3,7995","0,09%"
"12.03.2019","3,8114","3,8399","3,8445","3,8009","-0,75%"
"11.03.2019","3,8403","3,8678","3,8685","3,8342","-0,69%"
"08.03.2019","3,8668","3,8708","3,9032","3,8493","-0,09%"
"07.03.2019","3,8704","3,8405","3,9028","3,8159","0,79%"
"06.03.2019","3,8401","3,7763","3,8451","3,7746","1,71%"
"05.03.2019","3,7755","3,7755","3,7755","3,7755","0,00%"
"04.03.2019","3,7755","3,7742","3,7755","3,7742","0,01%"
"01.03.2019","3,7752","3,7511","3,7957","3,7456","0,63%"
"28.02.2019","3,7514","3,7258","3,7592","3,7171","0,61%"
"27.02.2019","3,7287","3,7444","3,7478","3,7217","-0,54%"
"26.02.2019","3,7489","3,7519","3,7666","3,7378","-0,09%"
"25.02.2019","3,7521","3,7468","3,7523","3,7193","0,10%"
"22.02.2019","3,7485","3,7683","3,7683","3,7262","-0,56%"
"21.02.2019","3,7696","3,7256","3,7721","3,7149","1,12%"
"20.02.2019","3,7277","3,7243","3,7372","3,6900","0,12%"
"19.02.2019","3,7231","3,7334","3,7449","3,7029","-0,33%"
"18.02.2019","3,7353","3,7012","3,7422","3,7012","0,93%"
"15.02.2019","3,7008","3,7203","3,7264","3,6983","-0,60%"
"14.02.2019","3,7233","3,7514","3,7952","3,7137","-0,83%"
"13.02.2019","3,7544","3,7104","3,7619","3,7104","1,20%"
"12.02.2019","3,7098","3,7437","3,7470","3,7021","-1,27%"
"11.02.2019","3,7577","3,7312","3,7747","3,7274","0,76%"
"08.02.2019","3,7292","3,7195","3,7477","3,7027","0,34%"
"07.02.2019","3,7167","3,6996","3,7375","3,6990","0,50%"
"06.02.2019","3,6983","3,6696","3,7161","3,6672","0,78%"
"05.02.2019","3,6698","3,6637","3,6846","3,6610","0,03%"
"04.02.2019","3,6687","3,6597","3,6877","3,6592","0,25%"
"01.02.2019","3,6597","3,6455","3,6822","3,6376","0,43%"
"31.01.2019","3,6440","3,6865","3,6865","3,6358","-1,11%"
"30.01.2019","3,6850","3,7205","3,7321","3,6741","-0,95%"
"29.01.2019","3,7202","3,7617","3,7648","3,7150","-1,11%"
"28.01.2019","3,7619","3,7780","3,7878","3,7500","-0,24%"
"25.01.2019","3,7708","3,7713","3,7713","3,7708","-0,07%"
"24.01.2019","3,7733","3,7746","3,7955","3,7381","0,19%"
"23.01.2019","3,7663","3,7943","3,8134","3,7561","-1,28%"
"22.01.2019","3,8152","3,7545","3,8173","3,7457","1,60%"
"21.01.2019","3,7550","3,7609","3,7811","3,7541","0,09%"
"18.01.2019","3,7517","3,7480","3,7743","3,7285","0,03%"
"17.01.2019","3,7504","3,7329","3,7744","3,7262","0,37%"
"16.01.2019","3,7366","3,7151","3,7381","3,7084","0,52%"
"15.01.2019","3,7172","3,7024","3,7325","3,6947","0,49%"
"14.01.2019","3,6991","3,7121","3,7357","3,6846","-0,33%"
"11.01.2019","3,7113","3,6943","3,7300","3,6913","0,02%"
"10.01.2019","3,7105","3,6807","3,7249","3,6746","0,81%"
"09.01.2019","3,6807","3,7138","3,7155","3,6743","-0,88%"
"08.01.2019","3,7133","3,7373","3,7412","3,7034","-0,60%"
"07.01.2019","3,7356","3,7139","3,7384","3,6898","0,54%"
"04.01.2019","3,7155","3,7593","3,7850","3,7088","-1,09%"
"03.01.2019","3,7565","3,7960","3,8074","3,7376","-0,88%"
"02.01.2019","3,7900","3,8786","3,8971","3,7828","-2,35%"
"01.01.2019","3,8813","3,8813","3,8813","3,8813","0,00%"
"31.12.2018","3,8813","3,8813","3,8813","3,8813","0,00%"
"28.12.2018","3,8813","3,8769","3,8956","3,8298","0,20%"
"27.12.2018","3,8735","3,9202","3,9456","3,8685","-1,24%"
"26.12.2018","3,9220","3,9040","3,9405","3,8918","0,46%"
"25.12.2018","3,9040","3,9040","3,9040","3,9040","0,00%"
"24.12.2018","3,9040","3,9040","3,9040","3,9040","0,00%"
"21.12.2018","3,9040","3,8408","3,9071","3,8393","1,61%"
"20.12.2018","3,8422","3,8971","3,8971","3,8327","-1,42%"
"19.12.2018","3,8977","3,9015","3,9138","3,8634","-0,38%"
"18.12.2018","3,9124","3,8970","3,9173","3,8836","0,33%"
"17.12.2018","3,8995","3,9173","3,9285","3,8772","-0,45%"
"14.12.2018","3,9171","3,9113","3,9210","3,8877","0,67%"
"13.12.2018","3,8911","3,8551","3,8974","3,8507","0,92%"
"12.12.2018","3,8555","3,8936","3,8997","3,8362","-1,24%"
"11.12.2018","3,9040","3,9202","3,9226","3,8876","-0,36%"
"10.12.2018","3,9181","3,9076","3,9455","3,8914","0,27%"
"07.12.2018","3,9075","3,8817","3,9239","3,8571","0,73%"
"06.12.2018","3,8793","3,8910","3,9445","3,8733","0,28%"
"05.12.2018","3,8686","3,8517","3,8832","3,8341","0,42%"
"04.12.2018","3,8525","3,8290","3,8675","3,8177","0,27%"
"03.12.2018","3,8423","3,8677","3,8677","3,8161","-0,64%"
"30.11.2018","3,8669","3,8496","3,8888","3,8380","0,37%"
"29.11.2018","3,8527","3,8516","3,8752","3,8331","0,04%"
"28.11.2018","3,8510","3,8790","3,8878","3,8317","-0,62%"
"27.11.2018","3,8752","3,9228","3,9241","3,8619","-1,67%"
"26.11.2018","3,9410","3,8184","3,9452","3,8171","2,94%"
"23.11.2018","3,8283","3,8035","3,8306","3,7948","0,63%"
"22.11.2018","3,8045","3,7904","3,8269","3,7902","0,18%"
"21.11.2018","3,7976","3,7560","3,8034","3,7560","1,08%"
"20.11.2018","3,7572","3,7563","3,7572","3,7563","0,01%"
"19.11.2018","3,7570","3,7473","3,7736","3,7427","0,36%"
"16.11.2018","3,7435","3,7723","3,7827","3,7296","-1,08%"
"15.11.2018","3,7843","3,7843","3,7843","3,7843","0,01%"
"14.11.2018","3,7841","3,8032","3,8194","3,7661","-0,50%"
"13.11.2018","3,8032","3,7561","3,8313","3,7529","0,95%"
"12.11.2018","3,7675","3,7487","3,7696","3,7361","0,91%"
"09.11.2018","3,7335","3,7610","3,7750","3,7252","-0,72%"
"08.11.2018","3,7605","3,7297","3,7642","3,7158","0,77%"
"07.11.2018","3,7318","3,7618","3,7874","3,7220","-0,79%"
"06.11.2018","3,7615","3,7270","3,7701","3,7237","0,95%"
"05.11.2018","3,7262","3,6968","3,7326","3,6910","0,80%"
"02.11.2018","3,6968","3,7039","3,7039","3,6963","-0,12%"
"01.11.2018","3,7012","3,7231","3,7241","3,6799","-0,56%"
"31.10.2018","3,7220","3,6969","3,7445","3,6854","0,67%"
"30.10.2018","3,6974","3,7175","3,7359","3,6768","-0,57%"
"29.10.2018","3,7187","3,6437","3,7226","3,5819","2,08%"
"26.10.2018","3,6429","3,7059","3,7302","3,6395","-1,70%"
"25.10.2018","3,7058","3,7361","3,7361","3,6818","-0,78%"
"24.10.2018","3,7350","3,6950","3,7475","3,6827","1,10%"
"23.10.2018","3,6942","3,6883","3,7237","3,6856","0,22%"
"22.10.2018","3,6860","3,6954","3,7214","3,6698","-0,78%"
"19.10.2018","3,7149","3,7220","3,7273","3,6875","-0,18%"
"18.10.2018","3,7216","3,6875","3,7313","3,6726","0,92%"
"17.10.2018","3,6875","3,7242","3,7460","3,6640","-1,01%"
"16.10.2018","3,7252","3,7355","3,7363","3,6913","-0,28%"
"15.10.2018","3,7357","3,7561","3,7645","3,7125","-1,25%"
"12.10.2018","3,7830","3,7838","3,7838","3,7824","0,05%"
"11.10.2018","3,7812","3,7565","3,7858","3,7159","0,68%"
"10.10.2018","3,7555","3,7163","3,7687","3,7109","1,08%"
"09.10.2018","3,7155","3,7818","3,7911","3,7005","-1,68%"
"08.10.2018","3,7790","3,7275","3,7826","3,7094","-1,62%"
"05.10.2018","3,8413","3,8742","3,8950","3,8376","-0,86%"
"04.10.2018","3,8745","3,9017","3,9355","3,8732","-0,69%"
"03.10.2018","3,9015","3,9415","3,9415","3,8220","-1,01%"
"02.10.2018","3,9414","4,0186","4,0188","3,9058","-1,91%"
"01.10.2018","4,0181","4,0500","4,0633","4,0037","-0,77%"
"28.09.2018","4,0491","4,0147","4,0580","3,9898","0,92%"
"27.09.2018","4,0123","4,0343","4,0553","3,9665","-0,49%"
"26.09.2018","4,0322","4,0792","4,0945","4,0095","-1,07%"
"25.09.2018","4,0757","4,0893","4,1418","4,0682","-0,42%"
"24.09.2018","4,0928","4,0656","4,0975","4,0362","1,02%"
"21.09.2018","4,0516","4,0770","4,0958","4,0278","-0,63%"
"20.09.2018","4,0771","4,1273","4,1311","4,0671","-1,32%"
"19.09.2018","4,1315","4,1631","4,1762","4,0976","-0,69%"
"18.09.2018","4,1604","4,1342","4,1651","4,1174","0,68%"
"17.09.2018","4,1324","4,1744","4,2041","4,1159","-1,00%"
"14.09.2018","4,1742","4,2063","4,2105","4,1579","-0,80%"
"13.09.2018","4,2077","4,1616","4,2101","4,1244","1,20%"
"12.09.2018","4,1579","4,1528","4,1677","4,1106","0,11%"
"11.09.2018","4,1535","4,0864","4,1798","4,0864","1,63%"
"10.09.2018","4,0867","4,0679","4,1280","4,0524","0,67%"
"07.09.2018","4,0597","4,0597","4,0597","4,0597","0,02%"
"06.09.2018","4,0590","4,1448","4,1658","4,0357","-2,11%"
"05.09.2018","4,1466","4,1570","4,1863","4,1119","-0,33%"
"04.09.2018","4,1602","4,1566","4,1908","4,1375","0,03%"
"03.09.2018","4,1590","4,0926","4,1606","4,0916","2,55%"
"31.08.2018","4,0556","4,1486","4,1776","4,0532","-2,26%"
"30.08.2018","4,1495","4,1057","4,2150","4,1029","1,02%"
"29.08.2018","4,1074","4,1389","4,1647","4,1016","-0,65%"
"28.08.2018","4,1342","4,0797","4,1475","4,0617","1,39%"
"27.08.2018","4,0775","4,1055","4,1144","4,0470","-0,60%"
"24.08.2018","4,1020","4,1146","4,1326","4,0720","-0,33%"
"23.08.2018","4,1155","4,0418","4,1284","4,0408","1,81%"
"22.08.2018","4,0425","4,0507","4,0915","4,0312","-0,13%"
"21.08.2018","4,0477","3,9697","4,0533","3,9558","1,96%"
"20.08.2018","3,9700","3,9139","3,9715","3,9139","1,49%"
"17.08.2018","3,9116","3,9078","3,9537","3,9036","0,11%"
"16.08.2018","3,9072","3,9055","3,9297","3,8672","0,04%"
"15.08.2018","3,9055","3,8665","3,9275","3,8660","0,99%"
"14.08.2018","3,8673","3,8849","3,9038","3,8590","-0,43%"
"13.08.2018","3,8840","3,8585","3,9292","3,8585","0,63%"
"10.08.2018","3,8596","3,8020","3,8746","3,8009","1,53%"
"09.08.2018","3,8015","3,7718","3,8217","3,7718","0,78%"
"08.08.2018","3,7721","3,7525","3,7734","3,7355","0,55%"
"07.08.2018","3,7515","3,7370","3,7723","3,7033","0,41%"
"06.08.2018","3,7363","3,7048","3,7372","3,6902","0,76%"
"03.08.2018","3,7080","3,7519","3,7539","3,7000","-1,13%"
"02.08.2018","3,7503","3,7520","3,7822","3,7491","0,01%"
"01.08.2018","3,7499","3,7565","3,7703","3,7310","-0,17%"
"31.07.2018","3,7563","3,7300","3,7645","3,7220","0,69%"
"30.07.2018","3,7307","3,7139","3,7323","3,6956","0,52%"
"27.07.2018","3,7114","3,7464","3,7477","3,7065","-0,93%"
"26.07.2018","3,7462","3,6886","3,7483","3,6886","1,56%"
"25.07.2018","3,6886","3,7483","3,7485","3,6886","-1,59%"
"24.07.2018","3,7481","3,7833","3,7872","3,7321","-0,91%"
"23.07.2018","3,7826","3,7662","3,8028","3,7662","0,38%"
"20.07.2018","3,7681","3,8319","3,8319","3,7584","-1,60%"
"19.07.2018","3,8295","3,8495","3,8923","3,8225","-0,56%"
"18.07.2018","3,8512","3,8373","3,8647","3,8190","0,32%"
"17.07.2018","3,8388","3,8634","3,8801","3,8386","-0,56%"
"16.07.2018","3,8605","3,8516","3,8742","3,8337","0,23%"
"13.07.2018","3,8518","3,8821","3,9005","3,8441","-0,78%"
"12.07.2018","3,8822","3,8744","3,9030","3,8373","0,13%"
"11.07.2018","3,8773","3,8169","3,8859","3,8135","1,63%"
"10.07.2018","3,8152","3,8836","3,8872","3,7936","-1,48%"
"09.07.2018","3,8727","3,8653","3,8727","3,8649","0,26%"
"06.07.2018","3,8628","3,9322","3,9529","3,8594","-1,78%"
"05.07.2018","3,9327","3,9133","3,9417","3,8855","0,49%"
"04.07.2018","3,9137","3,8941","3,9194","3,8855","0,42%"
"03.07.2018","3,8975","3,9125","3,9152","3,8731","-0,39%"
"02.07.2018","3,9129","3,8790","3,9207","3,8761","0,92%"