"Data","Último","Abertura","Máxima","Mínima","Vol.","Var%"
"31.08.2020","42,61","42,91","43,57","42,56","236,88K","-0,84%"
"28.08.2020","42,97","42,98","43,42","42,69","272,80K","-0,16%"
"27.08.2020","43,04","43,45","43,50","42,36","320,97K","-0,81%"
"26.08.2020","43,39","43,39","43,78","43,00","262,24K","0,09%"
"25.08.2020","43,35","42,36","43,57","42,31","330,80K","1,71%"
"24.08.2020","42,62","42,48","42,89","42,23","294,73K","0,66%"
"21.08.2020","42,34","42,75","42,96","41,46","345,37K","-0,56%"
"20.08.2020","42,58","42,74","42,79","41,50","27,43K","-0,82%"
"19.08.2020","42,93","42,60","43,03","42,36","81,30K","0,09%"
"18.08.2020","42,89","42,79","42,99","42,11","111,63K","0,00%"
"17.08.2020","42,89","42,24","42,97","41,80","208,43K","2,09%"
"14.08.2020","42,01","42,33","42,57","41,62","310,87K","-0,54%"
"13.08.2020","42,24","42,57","42,84","42,09","329,51K","-1,01%"
"12.08.2020","42,67","41,62","42,90","41,53","397,83K","2,55%"
"11.08.2020","41,61","41,98","42,94","41,48","432,84K","-0,79%"
"10.08.2020","41,94","41,50","42,33","41,17","367,80K","1,75%"
"07.08.2020","41,22","41,97","42,22","41,06","399,00K","-1,74%"
"06.08.2020","41,95","42,19","42,65","41,61","359,61K","-0,57%"
"05.08.2020","42,19","41,56","43,52","41,47","491,27K","1,18%"
"04.08.2020","41,70","40,78","42,08","40,14","451,58K","1,68%"
"03.08.2020","41,01","40,39","41,24","39,58","338,33K","1,84%"
"31.07.2020","40,27","40,34","40,55","39,66","318,79K","0,88%"
"30.07.2020","39,92","41,32","41,39","38,72","487,33K","-3,27%"
"29.07.2020","41,27","41,13","41,57","40,93","295,86K","0,56%"
"28.07.2020","41,04","41,65","41,93","40,85","276,80K","-1,35%"
"27.07.2020","41,60","41,26","41,82","40,48","377,71K","0,75%"
"24.07.2020","41,29","41,06","41,67","40,66","353,16K","0,54%"
"23.07.2020","41,07","41,95","42,36","40,83","389,41K","-1,98%"
"22.07.2020","41,90","41,54","42,03","41,14","333,65K","-0,14%"
"21.07.2020","41,96","40,65","42,40","40,64","25,62K","2,82%"
"20.07.2020","40,81","40,64","40,91","39,83","60,18K","0,54%"
"17.07.2020","40,59","40,72","40,90","40,02","88,22K","-0,39%"
"16.07.2020","40,75","40,97","41,18","40,52","200,10K","-1,09%"
"15.07.2020","41,20","40,55","41,26","40,08","352,54K","2,26%"
"14.07.2020","40,29","39,60","40,57","39,07","426,97K","0,47%"
"13.07.2020","40,10","40,35","40,72","39,47","370,72K","-1,11%"
"10.07.2020","40,55","39,58","40,77","38,54","393,15K","2,35%"
"09.07.2020","39,62","40,87","40,99","39,27","367,39K","-3,13%"
"08.07.2020","40,90","40,48","41,08","40,30","286,74K","0,69%"
"07.07.2020","40,62","40,68","40,95","39,90","256,60K","-0,02%"
"06.07.2020","40,63","40,31","41,08","39,84","373,24K","0,87%"
"03.07.2020","40,28","40,23","40,50","39,86","-","-0,91%"
"02.07.2020","40,65","39,78","40,74","39,46","347,10K","2,08%"
"01.07.2020","39,82","39,84","40,58","39,05","407,17K","1,40%"
"30.06.2020","39,27","39,64","40,08","38,85","370,06K","-1,08%"
"29.06.2020","39,70","37,96","39,89","37,50","343,91K","3,14%"
"26.06.2020","38,49","39,09","39,35","37,79","356,71K","-0,59%"
"25.06.2020","38,72","38,05","39,23","37,08","451,64K","1,87%"
"24.06.2020","38,01","39,99","40,54","37,31","499,49K","-5,85%"
"23.06.2020","40,37","40,68","41,63","39,76","368,73K","-0,22%"
"22.06.2020","40,46","39,18","40,70","39,12","29,89K","1,79%"
"19.06.2020","39,75","38,85","40,49","38,40","64,11K","2,34%"
"18.06.2020","38,84","37,74","38,97","37,11","113,38K","2,32%"
"17.06.2020","37,96","37,93","38,75","37,21","239,52K","-1,09%"
"16.06.2020","38,38","37,05","39,06","36,38","366,32K","3,39%"
"15.06.2020","37,12","36,03","37,26","34,36","387,55K","2,37%"
"12.06.2020","36,26","36,26","36,99","34,48","406,51K","-0,22%"
"11.06.2020","36,34","39,09","39,09","35,41","513,91K","-8,23%"
"10.06.2020","39,60","38,50","39,91","37,73","385,87K","1,69%"
"09.06.2020","38,94","38,22","39,10","37,07","396,03K","1,96%"
"08.06.2020","38,19","39,41","40,44","37,96","416,64K","-3,44%"
"05.06.2020","39,55","37,33","39,68","37,05","396,86K","5,72%"
"04.06.2020","37,41","36,76","37,62","36,38","307,61K","0,32%"
"03.06.2020","37,29","36,86","38,18","35,88","494,25K","1,30%"
"02.06.2020","36,81","35,56","37,06","35,28","343,48K","3,87%"
"01.06.2020","35,44","35,21","35,90","34,27","385,71K","-0,14%"
"29.05.2020","35,49","33,68","35,77","32,36","443,65K","5,28%"
"28.05.2020","33,71","32,10","34,21","31,14","440,17K","2,74%"
"27.05.2020","32,81","34,14","34,32","31,75","415,25K","-4,48%"
"26.05.2020","34,35","33,30","34,81","32,48","466,74K","1,27%"
"25.05.2020","33,92","32,92","34,18","32,72","-","3,10%"
"24.05.2020","32,90","33,38","33,42","32,50","-","-1,05%"
"22.05.2020","33,25","33,95","34,00","30,72","429,04K","-1,98%"
"21.05.2020","33,92","33,53","34,66","33,26","372,81K","1,28%"
"20.05.2020","33,49","31,89","33,78","31,56","406,43K","3,05%"
"19.05.2020","32,50","32,83","33,44","31,34","36,07K","2,14%"
"18.05.2020","31,82","29,53","33,32","29,53","89,38K","8,12%"
"15.05.2020","29,43","27,64","29,92","27,24","108,02K","6,79%"
"14.05.2020","27,56","25,56","27,96","25,18","160,51K","8,98%"
"13.05.2020","25,29","25,30","26,45","24,79","150,86K","-1,90%"
"12.05.2020","25,78","24,49","26,23","24,22","212,34K","6,79%"
"11.05.2020","24,14","24,49","25,58","23,67","179,59K","-2,43%"
"08.05.2020","24,74","23,35","24,99","23,26","205,18K","5,05%"
"07.05.2020","23,55","24,09","26,74","22,94","310,26K","-1,83%"
"06.05.2020","23,99","25,52","26,08","22,58","381,17K","-2,32%"
"05.05.2020","24,56","21,24","25,49","21,13","387,24K","20,45%"
"04.05.2020","20,39","19,11","21,42","18,05","311,49K","3,08%"
"01.05.2020","19,78","19,04","20,48","18,07","403,20K","4,99%"
"30.04.2020","18,84","15,64","19,44","15,45","545,34K","25,10%"
"29.04.2020","15,06","13,35","16,78","12,67","554,13K","22,04%"
"28.04.2020","12,34","12,96","13,69","10,07","897,09K","-3,44%"
"27.04.2020","12,78","16,84","16,98","11,88","623,20K","-24,56%"
"24.04.2020","16,94","16,78","17,97","15,64","600,22K","2,67%"
"23.04.2020","16,50","14,20","18,26","13,35","833,58K","19,74%"
"22.04.2020","13,78","13,12","16,18","10,26","1,24M","37,66%"
"21.04.2020","10,01","-14,00","13,86","-16,74","18,44K","-126,60%"
"20.04.2020","-37,63","17,73","17,85","-40,32","247,95K","-305,97%"
"17.04.2020","18,27","20,00","20,22","17,31","240,63K","-8,05%"
"16.04.2020","19,87","20,15","20,53","19,42","350,94K","0,00%"
"15.04.2020","19,87","20,72","20,89","19,20","544,80K","-1,19%"
"14.04.2020","20,11","22,36","23,08","19,95","785,48K","-10,26%"
"13.04.2020","22,41","24,60","24,74","22,03","775,12K","-1,54%"
"09.04.2020","22,76","26,28","28,36","22,57","1,12M","-9,29%"
"08.04.2020","25,09","24,30","26,45","23,74","823,55K","6,18%"
"07.04.2020","23,63","26,34","27,24","23,54","797,71K","-9,39%"
"06.04.2020","26,08","26,09","28,24","25,28","752,71K","-7,97%"
"03.04.2020","28,34","24,81","29,13","23,52","1,01M","11,93%"
"02.04.2020","25,32","21,22","27,39","20,76","1,10M","24,67%"
"01.04.2020","20,31","20,10","21,55","19,90","703,29K","-0,83%"
"31.03.2020","20,48","20,23","21,89","20,01","660,08K","1,94%"
"30.03.2020","20,09","20,93","20,93","19,27","758,71K","-6,60%"
"27.03.2020","21,51","23,29","23,44","20,88","603,12K","-4,82%"
"26.03.2020","22,60","24,25","24,65","22,38","633,88K","-7,72%"
"25.03.2020","24,49","24,37","25,24","22,91","618,73K","2,00%"
"24.03.2020","24,01","23,87","25,16","23,09","659,70K","2,78%"
"23.03.2020","23,36","22,52","24,07","20,80","852,95K","4,15%"
"20.03.2020","22,43","24,73","27,89","19,46","29,76K","-11,06%"
"19.03.2020","25,22","22,30","27,71","21,36","136,72K","23,81%"
"18.03.2020","20,37","26,94","27,22","20,06","309,48K","-24,42%"
"17.03.2020","26,95","28,69","30,30","26,63","545,82K","-6,10%"
"16.03.2020","28,70","33,75","33,75","28,10","698,83K","-9,55%"
"13.03.2020","31,73","30,77","33,87","30,33","743,13K","0,73%"
"12.03.2020","31,50","33,07","33,63","30,02","1,03M","-4,49%"
"11.03.2020","32,98","34,62","36,35","32,56","874,65K","-4,02%"
"10.03.2020","34,36","30,37","35,02","30,20","1,06M","10,38%"
"09.03.2020","31,13","32,87","34,88","27,34","1,77M","-24,59%"
"06.03.2020","41,28","46,09","46,38","41,05","1,28M","-10,07%"
"05.03.2020","45,90","47,13","47,57","45,65","704,59K","-1,88%"
"04.03.2020","46,78","46,94","48,41","46,65","745,86K","-0,85%"
"03.03.2020","47,18","47,72","48,66","46,47","1,01M","0,92%"
"02.03.2020","46,75","43,70","47,56","43,32","949,47K","4,45%"
"28.02.2020","44,76","46,49","47,03","43,85","1,10M","-4,95%"
"27.02.2020","47,09","48,63","48,78","45,88","1,01M","-3,37%"
"26.02.2020","48,73","50,08","50,44","48,30","884,48K","-2,34%"
"25.02.2020","49,90","51,37","52,02","49,69","764,99K","-2,97%"
"24.02.2020","51,43","52,60","52,64","50,45","765,52K","-3,65%"
"21.02.2020","53,38","53,74","53,86","52,55","707,56K","-0,74%"
"20.02.2020","53,78","53,50","54,50","53,22","30,67K","0,92%"
"19.02.2020","53,29","52,12","53,66","51,93","113,68K","2,38%"
"18.02.2020","52,05","52,23","52,41","50,88","221,77K","-0,29%"
"17.02.2020","52,20","52,34","52,59","52,05","-","-0,31%"
"16.02.2020","52,36","52,45","52,63","52,34","-","0,60%"
"14.02.2020","52,05","51,51","52,34","51,32","607,34K","1,23%"
"13.02.2020","51,42","51,72","51,96","50,60","745,40K","0,49%"
"12.02.2020","51,17","49,96","51,73","49,95","795,26K","2,46%"
"11.02.2020","49,94","49,61","50,69","49,58","725,73K","0,75%"
"10.02.2020","49,57","50,12","50,49","49,42","715,89K","-1,49%"
"07.02.2020","50,32","51,11","51,48","50,09","768,35K","-1,24%"
"06.02.2020","50,95","51,17","52,20","50,24","750,66K","0,39%"
"05.02.2020","50,75","49,51","51,88","49,47","887,95K","2,30%"
"04.02.2020","49,61","49,94","51,55","49,31","859,36K","-1,00%"
"03.02.2020","50,11","51,01","51,97","49,80","876,04K","-2,81%"
"31.01.2020","51,56","52,92","53,36","50,97","827,91K","-1,11%"
"30.01.2020","52,14","53,09","53,20","51,66","720,12K","-2,23%"
"29.01.2020","53,33","53,97","54,37","52,81","624,98K","-0,28%"
"28.01.2020","53,48","52,77","54,06","52,68","633,96K","0,64%"
"27.01.2020","53,14","53,70","53,71","52,13","712,88K","-1,94%"
"24.01.2020","54,19","55,69","55,95","53,85","586,20K","-2,52%"
"23.01.2020","55,59","56,11","56,27","54,77","704,00K","-2,03%"
"22.01.2020","56,74","58,26","58,38","56,03","620,12K","-2,74%"
"21.01.2020","58,34","59,17","59,73","57,68","50,18K","-0,66%"
"20.01.2020","58,73","59,28","59,32","58,56","-","-0,91%"
"19.01.2020","59,27","59,36","59,66","59,20","-","1,25%"
"17.01.2020","58,54","58,59","58,98","58,27","122,56K","0,03%"
"16.01.2020","58,52","58,10","58,87","57,56","182,87K","1,23%"
"15.01.2020","57,81","58,20","58,36","57,36","433,17K","-0,72%"
"14.01.2020","58,23","58,03","58,72","57,72","507,71K","0,26%"
"13.01.2020","58,08","59,04","59,27","57,91","584,00K","-1,63%"
"10.01.2020","59,04","59,61","59,78","58,85","596,19K","-0,87%"
"09.01.2020","59,56","59,99","60,31","58,66","750,93K","-0,08%"
"08.01.2020","59,61","62,84","65,65","59,15","1,21M","-4,93%"
"07.01.2020","62,70","62,91","63,15","62,11","582,65K","-0,90%"
"06.01.2020","63,27","63,71","64,72","62,64","724,24K","0,35%"
"03.01.2020","63,05","61,18","64,09","61,13","885,86K","3,06%"
"02.01.2020","61,18","61,60","61,60","60,64","486,87K","-0,24%"
"01.01.2020","61,33","61,52","61,54","61,33","-","0,44%"
"31.12.2019","61,06","61,68","61,88","60,63","494,54K","-1,01%"
"30.12.2019","61,68","61,71","62,34","61,09","427,15K","-0,06%"
"27.12.2019","61,72","61,73","61,97","61,24","351,90K","0,06%"
"26.12.2019","61,68","61,20","61,83","61,06","265,09K","0,80%"
"25.12.2019","61,19","61,45","61,52","61,17","-","0,13%"
"24.12.2019","61,11","60,63","61,16","60,47","204,54K","0,97%"
"23.12.2019","60,52","60,41","60,77","60,10","314,71K","0,13%"
"20.12.2019","60,44","61,11","61,20","60,02","552,52K","-1,27%"
"19.12.2019","61,22","60,86","61,47","60,79","35,46K","0,48%"
"18.12.2019","60,93","60,55","61,18","60,32","131,07K","-0,02%"
"17.12.2019","60,94","60,23","61,06","60,03","163,74K","1,21%"
"16.12.2019","60,21","59,87","60,34","59,71","347,40K","0,23%"
"13.12.2019","60,07","59,36","60,48","59,27","512,29K","1,50%"
"12.12.2019","59,18","58,88","59,72","58,75","530,85K","0,71%"
"11.12.2019","58,76","59,06","59,22","58,11","589,65K","-0,81%"
"10.12.2019","59,24","58,92","59,52","58,52","566,82K","0,37%"
"09.12.2019","59,02","59,11","59,25","58,23","511,56K","-0,30%"
"06.12.2019","59,20","58,32","59,85","57,70","679,61K","1,32%"
"05.12.2019","58,43","58,36","59,12","58,10","649,46K","0,00%"
"04.12.2019","58,43","56,43","58,66","56,28","760,54K","4,15%"
"03.12.2019","56,10","55,96","56,80","55,35","560,55K","0,25%"
"02.12.2019","55,96","55,47","56,67","55,42","616,42K","1,43%"
"29.11.2019","55,17","58,13","58,30","55,02","718,72K","-5,01%"
"28.11.2019","58,08","57,97","58,29","57,64","-","-0,05%"
"27.11.2019","58,11","58,27","58,68","57,51","454,26K","-0,51%"
"26.11.2019","58,41","57,92","58,56","57,76","443,82K","0,69%"
"25.11.2019","58,01","57,92","58,15","57,21","420,64K","0,42%"
"22.11.2019","57,77","58,31","58,74","57,50","508,24K","-1,38%"
"21.11.2019","58,58","57,00","58,67","56,60","593,53K","2,57%"
"20.11.2019","57,11","55,16","57,25","54,76","31,92K","3,44%"
"19.11.2019","55,21","56,90","57,11","55,04","121,21K","-3,23%"
"18.11.2019","57,05","57,88","58,09","56,55","159,33K","-1,16%"
"15.11.2019","57,72","56,91","57,97","56,43","375,99K","1,67%"
"14.11.2019","56,77","57,39","57,79","56,63","516,83K","-0,61%"
"13.11.2019","57,12","56,79","57,53","56,20","547,64K","0,56%"
"12.11.2019","56,80","56,89","57,55","56,54","586,57K","-0,11%"
"11.11.2019","56,86","57,40","57,40","56,25","498,98K","-0,66%"
"08.11.2019","57,24","57,08","57,48","55,76","636,94K","0,16%"
"07.11.2019","57,15","56,35","57,88","56,27","678,17K","1,42%"
"06.11.2019","56,35","57,26","57,85","56,11","623,26K","-1,54%"
"05.11.2019","57,23","56,56","57,50","56,30","435,32K","1,22%"
"04.11.2019","56,54","56,41","57,43","55,83","580,35K","0,60%"
"01.11.2019","56,20","54,15","56,33","54,07","538,12K","3,73%"
"31.10.2019","54,18","54,90","55,59","53,71","677,42K","-1,60%"
"30.10.2019","55,06","55,53","55,73","54,42","659,33K","-0,86%"
"29.10.2019","55,54","55,80","55,91","54,61","521,46K","-0,48%"
"28.10.2019","55,81","56,65","56,92","55,58","437,02K","-1,50%"
"25.10.2019","56,66","56,07","56,74","55,60","445,02K","0,76%"
"24.10.2019","56,23","55,90","56,51","55,41","480,76K","0,46%"
"23.10.2019","55,97","54,30","56,07","53,62","620,20K","3,34%"
"22.10.2019","54,16","53,39","54,62","53,10","33,92K","1,59%"
"21.10.2019","53,31","53,71","54,03","52,71","95,98K","-0,87%"
"18.10.2019","53,78","54,09","54,62","53,35","174,48K","-0,28%"
"17.10.2019","53,93","52,99","54,16","52,62","418,42K","1,07%"
"16.10.2019","53,36","52,92","53,74","52,51","451,64K","1,04%"
"15.10.2019","52,81","53,51","53,79","52,39","511,25K","-1,46%"
"14.10.2019","53,59","54,90","54,90","52,77","467,64K","-2,03%"
"11.10.2019","54,70","53,88","54,93","53,64","741,70K","2,15%"
"10.10.2019","53,55","52,69","53,97","51,38","613,94K","1,83%"
"09.10.2019","52,59","52,57","53,74","52,31","632,67K","-0,08%"
"08.10.2019","52,63","52,81","53,27","51,81","658,32K","-0,23%"
"07.10.2019","52,75","52,69","54,06","52,59","549,02K","-0,11%"
"04.10.2019","52,81","52,29","53,35","52,04","541,10K","0,69%"
"03.10.2019","52,45","52,47","52,91","50,99","642,47K","-0,36%"
"02.10.2019","52,64","54,00","54,42","52,17","590,31K","-1,83%"
"01.10.2019","53,62","54,28","54,84","53,05","589,18K","-0,83%"
"30.09.2019","54,07","56,54","56,57","53,98","532,52K","-3,29%"
"27.09.2019","55,91","56,51","56,76","54,75","712,97K","-0,89%"
"26.09.2019","56,41","56,69","56,84","55,41","599,65K","-0,14%"
"25.09.2019","56,49","56,70","57,02","55,55","563,55K","-1,40%"
"24.09.2019","57,29","58,44","58,49","56,69","591,53K","-2,30%"
"23.09.2019","58,64","59,25","59,39","57,37","526,79K","0,95%"
"20.09.2019","58,09","58,65","59,10","57,79","37,98K","-0,07%"
"19.09.2019","58,13","58,20","59,54","58,01","112,33K","0,03%"
"18.09.2019","58,11","58,81","59,43","57,67","216,96K","-2,07%"
"17.09.2019","59,34","61,96","62,59","58,46","993,24K","-5,66%"
"16.09.2019","62,90","61,48","63,38","58,77","1,40M","14,68%"
"13.09.2019","54,85","55,15","55,68","54,44","599,47K","-0,44%"
"12.09.2019","55,09","55,93","56,34","54,00","845,98K","-1,18%"
"11.09.2019","55,75","57,89","58,30","55,61","858,77K","-2,87%"
"10.09.2019","57,40","58,03","58,76","57,20","755,47K","-0,78%"
"09.09.2019","57,85","56,80","58,16","56,58","646,99K","2,35%"
"06.09.2019","56,52","56,19","56,95","54,83","714,29K","0,39%"
"05.09.2019","56,30","55,95","57,76","55,75","712,47K","0,07%"
"04.09.2019","56,26","53,92","56,58","53,84","682,30K","4,30%"
"03.09.2019","53,94","55,00","55,24","52,84","970,80K","-1,32%"
"02.09.2019","54,66","54,81","55,22","54,36","-","-0,26%"
"01.09.2019","54,80","55,00","55,00","54,56","-","-0,54%"
"30.08.2019","55,10","56,63","56,72","54,55","708,27K","-2,84%"
"29.08.2019","56,71","55,88","56,89","55,43","630,76K","1,67%"
"28.08.2019","55,78","55,71","56,75","55,34","674,05K","1,55%"
"27.08.2019","54,93","53,76","55,72","53,69","596,62K","2,40%"
"26.08.2019","53,64","53,25","55,26","52,96","679,02K","-0,98%"
"23.08.2019","54,17","55,35","55,60","53,24","807,15K","-2,13%"
"22.08.2019","55,35","55,94","56,46","54,85","621,57K","-0,59%"
"21.08.2019","55,68","56,05","57,13","55,55","704,04K","-1,17%"
"20.08.2019","56,34","56,10","56,60","55,28","47,45K","0,23%"
"19.08.2019","56,21","54,96","56,41","54,84","113,57K","2,44%"
"16.08.2019","54,87","54,74","55,67","54,26","168,35K","0,73%"
"15.08.2019","54,47","54,90","55,33","53,77","527,87K","-1,38%"
"14.08.2019","55,23","56,74","56,85","53,97","718,29K","-3,27%"
"13.08.2019","57,10","54,73","57,47","54,21","783,49K","3,95%"
"12.08.2019","54,93","54,32","55,18","53,54","611,03K","0,79%"
"09.08.2019","54,50","52,88","54,92","52,37","726,39K","3,73%"
"08.08.2019","52,54","52,33","53,06","51,94","724,76K","2,84%"
"07.08.2019","51,09","53,42","53,77","50,52","1,06M","-4,74%"
"06.08.2019","53,63","54,95","55,42","53,29","682,79K","-1,94%"
"05.08.2019","54,69","55,38","55,61","54,22","823,84K","-1,74%"
"02.08.2019","55,66","54,54","56,05","54,15","739,81K","3,17%"
"01.08.2019","53,95","57,85","57,99","53,59","886,75K","-7,90%"
"31.07.2019","58,58","58,34","58,82","57,81","614,00K","0,91%"
"30.07.2019","58,05","57,07","58,47","56,96","547,40K","2,07%"
"29.07.2019","56,87","56,20","57,10","55,81","529,74K","1,19%"
"26.07.2019","56,20","55,93","56,57","55,68","476,79K","0,32%"
"25.07.2019","56,02","55,90","56,99","55,81","559,28K","0,25%"
"24.07.2019","55,88","57,23","57,64","55,33","745,25K","-1,57%"
"23.07.2019","56,77","56,17","57,47","55,74","521,88K","0,98%"
"22.07.2019","56,22","56,22","56,84","55,72","24,30K","1,06%"
"19.07.2019","55,63","55,72","56,36","54,99","105,22K","0,60%"
"18.07.2019","55,30","56,60","57,32","54,72","215,36K","-2,61%"
"17.07.2019","56,78","57,52","58,36","56,21","504,43K","-1,46%"
"16.07.2019","57,62","59,26","60,06","57,07","712,54K","-3,29%"
"15.07.2019","59,58","60,25","60,92","59,20","566,82K","-1,05%"
"12.07.2019","60,21","60,46","60,74","59,93","469,03K","0,02%"
"11.07.2019","60,20","60,44","60,94","60,14","573,02K","-0,38%"
"10.07.2019","60,43","58,40","60,53","58,35","690,66K","4,50%"
"09.07.2019","57,83","57,56","59,10","57,29","551,87K","0,29%"
"08.07.2019","57,66","57,77","58,46","57,30","540,86K","0,26%"
"05.07.2019","57,51","57,38","57,82","56,29","698,02K","1,25%"
"04.07.2019","56,80","57,41","57,57","56,48","-","-0,94%"
"03.07.2019","57,34","56,49","57,48","56,04","600,13K","1,94%"
"02.07.2019","56,25","59,14","59,43","56,09","878,94K","-4,81%"
"01.07.2019","59,09","59,27","60,28","58,34","674,89K","1,06%"
"28.06.2019","58,47","59,22","59,80","57,75","556,10K","-1,62%"
"27.06.2019","59,43","59,27","59,73","58,61","531,41K","0,08%"
"26.06.2019","59,38","58,84","59,93","58,65","686,82K","2,68%"
"25.06.2019","57,83","57,74","58,84","57,20","673,14K","-0,12%"
"24.06.2019","57,90","57,72","58,22","56,75","597,16K","0,82%"
"21.06.2019","57,43","57,26","57,98","56,66","676,05K","1,38%"
"20.06.2019","56,65","54,12","57,02","54,11","27,88K","5,38%"
"19.06.2019","53,76","54,09","54,42","53,28","122,84K","-0,26%"
"18.06.2019","53,90","51,95","54,31","51,50","181,64K","3,79%"
"17.06.2019","51,93","52,50","52,74","51,58","397,87K","-1,10%"
"14.06.2019","52,51","52,18","52,98","51,70","574,23K","0,44%"
"13.06.2019","52,28","51,07","53,45","50,92","945,02K","2,23%"
"12.06.2019","51,14","53,04","53,05","50,72","786,11K","-4,00%"
"11.06.2019","53,27","53,43","54,04","52,91","642,94K","0,02%"
"10.06.2019","53,26","54,24","54,84","53,05","687,15K","-1,35%"
"07.06.2019","53,99","53,10","54,32","52,62","828,13K","2,66%"
"06.06.2019","52,59","51,66","53,30","51,17","790,07K","1,76%"
"05.06.2019","51,68","52,86","53,41","50,60","943,19K","-3,37%"
"04.06.2019","53,48","52,89","53,78","52,43","831,63K","0,43%"
"03.06.2019","53,25","53,42","54,63","52,11","984,31K","-0,47%"
"31.05.2019","53,50","56,46","56,61","53,05","1,03M","-5,46%"
"30.05.2019","56,59","59,12","59,70","56,33","842,28K","-3,77%"
"29.05.2019","58,81","59,07","59,14","56,88","1,12M","-0,56%"
"28.05.2019","59,14","58,94","59,57","58,13","1,02M","-0,03%"
"27.05.2019","59,16","58,77","59,26","58,14","-","0,66%"
"26.05.2019","58,77","58,94","59,00","58,67","-","0,24%"
"24.05.2019","58,63","58,21","59,10","57,50","758,10K","1,24%"
"23.05.2019","57,91","61,31","61,41","57,33","1,11M","-5,71%"
"22.05.2019","61,42","62,95","63,00","61,03","766,73K","-2,49%"
"21.05.2019","62,99","63,22","63,60","62,75","28,91K","-0,17%"
"20.05.2019","63,10","62,93","63,81","62,45","131,89K","0,54%"
"17.05.2019","62,76","63,12","63,64","62,52","215,80K","-0,17%"
"16.05.2019","62,87","62,12","63,48","62,08","545,68K","1,37%"
"15.05.2019","62,02","61,37","62,34","60,85","723,00K","0,39%"
"14.05.2019","61,78","60,86","62,11","60,69","751,67K","1,21%"
"13.05.2019","61,04","61,65","63,33","60,64","1,00M","-1,01%"
"10.05.2019","61,66","61,64","62,49","61,42","786,49K","-0,06%"
"09.05.2019","61,70","62,02","62,21","60,92","769,58K","-0,68%"
"08.05.2019","62,12","61,44","62,37","61,07","791,77K","1,17%"
"07.05.2019","61,40","62,17","62,49","60,66","842,81K","-1,37%"
"06.05.2019","62,25","61,43","62,95","60,04","768,81K","0,50%"
"03.05.2019","61,94","61,55","62,52","61,30","646,87K","0,21%"
"02.05.2019","61,81","63,61","63,68","60,95","914,66K","-2,81%"
"01.05.2019","63,60","63,40","63,93","62,77","676,87K","-0,49%"
"30.04.2019","63,91","63,58","64,75","63,30","750,49K","0,65%"
"29.04.2019","63,50","62,95","63,69","62,46","654,08K","0,32%"
"26.04.2019","63,30","65,13","65,18","62,28","1,00M","-2,93%"
"25.04.2019","65,21","65,81","66,28","64,90","603,00K","-1,03%"
"24.04.2019","65,89","66,17","66,43","65,66","678,39K","-0,62%"
"23.04.2019","66,30","65,75","66,60","65,58","700,60K","0,91%"
"22.04.2019","65,70","64,00","65,92","64,00","30,14K","2,66%"
"18.04.2019","64,00","63,75","64,16","63,46","148,24K","0,38%"
"17.04.2019","63,76","64,32","64,61","63,66","235,38K","-0,45%"
"16.04.2019","64,05","63,57","64,37","62,99","547,47K","1,03%"
"15.04.2019","63,40","63,76","63,84","63,03","555,86K","-0,77%"
"12.04.2019","63,89","63,71","64,65","63,66","625,59K","0,49%"
"11.04.2019","63,58","64,48","64,49","63,31","760,50K","-1,59%"
"10.04.2019","64,61","64,22","64,70","64,05","722,22K","0,98%"
"09.04.2019","63,98","64,40","64,79","63,68","790,68K","-0,65%"
"08.04.2019","64,40","63,33","64,48","63,13","895,77K","2,09%"
"05.04.2019","63,08","62,18","63,34","61,82","686,86K","1,58%"
"04.04.2019","62,10","62,50","62,77","61,89","684,97K","-0,58%"
"03.04.2019","62,46","62,64","62,99","62,05","799,67K","-0,19%"
"02.04.2019","62,58","61,81","62,75","61,60","793,23K","1,61%"
"01.04.2019","61,59","60,24","61,80","60,13","670,81K","2,41%"
"29.03.2019","60,14","59,53","60,73","59,41","705,56K","1,42%"
"28.03.2019","59,30","59,40","59,56","58,20","712,21K","-0,19%"
"27.03.2019","59,41","60,03","60,22","58,81","732,15K","-0,88%"
"26.03.2019","59,94","59,12","60,38","59,04","685,99K","1,90%"
"25.03.2019","58,82","58,98","59,35","58,17","705,40K","-0,37%"
"22.03.2019","59,04","59,87","60,07","58,28","738,84K","-1,57%"
"21.03.2019","59,98","59,99","60,39","59,66","655,38K","0,25%"
"20.03.2019","59,83","59,02","60,12","58,39","31,13K","1,36%"
"19.03.2019","59,03","59,01","59,57","58,62","114,82K","-0,10%"
"18.03.2019","59,09","58,45","59,23","58,05","157,24K","0,97%"
"15.03.2019","58,52","58,51","58,95","57,74","507,39K","-0,15%"
"14.03.2019","58,61","58,35","58,74","58,00","567,60K","0,60%"
"13.03.2019","58,26","57,09","58,48","57,01","610,62K","2,44%"
"12.03.2019","56,87","56,76","57,55","56,74","652,80K","0,14%"
"11.03.2019","56,79","56,07","57,01","55,96","597,16K","1,28%"
"08.03.2019","56,07","56,43","56,51","54,52","747,36K","-1,04%"
"07.03.2019","56,66","56,20","56,99","56,08","628,82K","0,78%"
"06.03.2019","56,22","56,28","56,40","55,42","637,68K","-0,60%"
"05.03.2019","56,56","56,45","57,19","56,09","538,40K","-0,05%"
"04.03.2019","56,59","55,83","57,00","55,81","549,40K","1,42%"
"01.03.2019","55,80","57,22","57,88","55,57","684,19K","-2,48%"
"28.02.2019","57,22","57,00","57,43","56,43","496,68K","0,49%"
"27.02.2019","56,94","55,95","57,39","55,72","577,23K","2,59%"
"26.02.2019","55,50","55,46","56,08","55,02","538,92K","0,04%"
"25.02.2019","55,48","57,17","57,53","55,08","723,01K","-3,11%"
"22.02.2019","57,26","56,84","57,81","56,71","513,44K","0,53%"
"21.02.2019","56,96","57,24","57,61","56,64","546,20K","0,07%"
"20.02.2019","56,92","55,94","57,55","55,48","37,68K","1,48%"
"19.02.2019","56,09","55,78","56,33","55,29","153,73K","-0,32%"
"18.02.2019","56,27","56,33","56,73","56,12","-","-0,11%"
"17.02.2019","56,33","56,17","56,39","56,11","-","1,33%"
"15.02.2019","55,59","54,48","55,87","54,24","276,91K","2,17%"
"14.02.2019","54,41","53,96","54,68","53,08","623,55K","0,95%"
"13.02.2019","53,90","53,35","54,60","53,27","706,55K","1,51%"
"12.02.2019","53,10","52,47","54,05","52,29","708,31K","1,32%"
"11.02.2019","52,41","52,66","52,78","51,23","750,24K","-0,59%"
"08.02.2019","52,72","52,59","52,99","52,08","621,00K","0,15%"
"07.02.2019","52,64","53,94","54,21","51,80","749,01K","-2,54%"
"06.02.2019","54,01","53,73","54,30","52,86","606,72K","0,65%"
"05.02.2019","53,66","54,86","55,21","53,47","609,76K","-1,65%"
"04.02.2019","54,56","55,32","55,75","53,29","622,47K","-1,27%"
"01.02.2019","55,26","54,01","55,66","53,37","689,57K","2,73%"
"31.01.2019","53,79","54,28","55,37","53,62","718,65K","-0,81%"
"30.01.2019","54,23","53,24","54,93","53,09","731,31K","1,73%"
"29.01.2019","53,31","52,12","53,93","51,84","660,53K","2,54%"
"28.01.2019","51,99","53,56","53,64","51,33","650,67K","-3,17%"
"25.01.2019","53,69","53,17","53,94","52,91","593,39K","1,05%"
"24.01.2019","53,13","52,45","53,47","52,07","714,42K","0,97%"
"23.01.2019","52,62","52,95","53,64","51,86","702,87K","0,10%"
"22.01.2019","52,57","53,73","54,24","51,80","46,03K","-3,08%"
"21.01.2019","54,24","53,66","54,48","53,58","-","1,10%"
"20.01.2019","53,65","53,97","54,05","53,59","-","-0,28%"
"18.01.2019","53,80","52,23","53,92","52,09","193,10K","3,32%"
"17.01.2019","52,07","52,30","52,58","50,98","288,56K","-0,46%"
"16.01.2019","52,31","52,00","52,52","51,26","694,18K","0,38%"
"15.01.2019","52,11","50,78","52,30","50,64","664,18K","3,17%"
"14.01.2019","50,51","51,73","52,11","50,38","791,53K","-2,09%"
"11.01.2019","51,59","52,28","53,31","51,18","812,34K","-1,90%"
"10.01.2019","52,59","52,18","52,78","51,37","821,78K","0,44%"
"09.01.2019","52,36","49,80","52,58","49,71","891,92K","5,18%"
"08.01.2019","49,78","48,73","49,95","48,31","765,98K","2,60%"
"07.01.2019","48,52","48,30","49,79","48,11","819,94K","1,17%"
"04.01.2019","47,96","46,90","49,22","46,65","817,28K","1,85%"
"03.01.2019","47,09","46,26","47,49","45,35","788,72K","1,18%"
"02.01.2019","46,54","45,80","47,78","44,35","850,48K","1,42%"
"01.01.2019","45,89","45,77","45,95","45,73","-","1,06%"
"31.12.2018","45,41","45,22","46,53","44,73","476,97K","0,18%"
"28.12.2018","45,33","45,44","46,22","44,42","564,39K","1,61%"
"27.12.2018","44,61","46,58","46,70","44,37","665,59K","-3,48%"
"26.12.2018","46,22","42,85","47,00","42,52","698,41K","7,09%"
"25.12.2018","43,16","43,00","43,25","42,88","-","1,48%"
"24.12.2018","42,53","45,45","46,24","42,36","415,86K","-6,71%"
"21.12.2018","45,59","46,25","46,77","45,13","694,00K","-0,63%"
"20.12.2018","45,88","47,39","47,51","45,67","794,13K","-2,80%"
"19.12.2018","47,20","45,93","48,00","45,93","37,16K","2,08%"
"18.12.2018","46,24","49,16","49,59","45,79","120,10K","-7,30%"
"17.12.2018","49,88","51,25","51,87","49,01","211,26K","-2,58%"
"14.12.2018","51,20","52,83","52,95","50,84","526,84K","-2,62%"
"13.12.2018","52,58","51,20","53,27","50,35","733,63K","2,80%"
"12.12.2018","51,15","51,95","52,88","50,94","730,81K","-0,97%"
"11.12.2018","51,65","50,89","52,43","50,70","665,26K","1,27%"
"10.12.2018","51,00","52,03","52,81","50,53","733,23K","-3,06%"
"07.12.2018","52,61","51,76","54,22","50,60","987,72K","2,18%"
"06.12.2018","51,49","52,93","53,30","50,08","987,27K","-2,65%"
"05.12.2018","52,89","52,59","54,44","52,16","624,91K","-0,68%"
"04.12.2018","53,25","53,13","54,55","52,43","738,13K","0,57%"
"03.12.2018","52,95","52,45","53,85","52,03","758,01K","3,97%"
"30.11.2018","50,93","51,27","51,79","49,65","796,71K","-1,01%"
"29.11.2018","51,45","50,31","52,20","49,41","812,72K","2,31%"
"28.11.2018","50,29","52,09","52,56","50,06","831,69K","-2,46%"
"27.11.2018","51,56","51,54","52,38","50,30","764,01K","-0,14%"
"26.11.2018","51,63","50,62","52,25","50,10","663,11K","2,40%"
"23.11.2018","50,42","54,66","54,82","50,15","1,01M","-6,66%"
"22.11.2018","54,02","54,64","54,82","53,53","-","-1,12%"
"21.11.2018","54,63","53,39","55,86","53,39","734,28K","2,25%"
"20.11.2018","53,43","57,39","57,44","52,77","983,12K","-5,87%"
"19.11.2018","56,76","56,72","57,33","55,08","33,58K","0,53%"
"16.11.2018","56,46","56,58","57,96","55,89","159,00K","0,00%"
"15.11.2018","56,46","56,02","57,26","55,59","256,50K","0,37%"
"14.11.2018","56,25","55,27","57,37","55,13","844,70K","1,01%"
"13.11.2018","55,69","58,88","59,35","54,75","1,10M","-7,07%"
"12.11.2018","59,93","60,70","61,28","58,68","806,22K","-0,43%"
"09.11.2018","60,19","60,75","60,79","59,26","821,73K","-0,79%"
"08.11.2018","60,67","61,64","62,42","60,40","764,55K","-1,62%"
"07.11.2018","61,67","61,74","63,18","61,20","866,63K","-0,87%"
"06.11.2018","62,21","62,70","63,32","61,31","761,24K","-1,41%"
"05.11.2018","63,10","62,99","64,14","62,52","609,13K","-0,06%"
"02.11.2018","63,14","63,50","63,95","62,63","708,91K","-0,86%"
"01.11.2018","63,69","64,88","65,39","63,11","790,29K","-2,48%"
"31.10.2018","65,31","66,32","67,00","64,81","666,49K","-1,31%"
"30.10.2018","66,18","66,68","67,26","65,33","680,44K","-1,28%"
"29.10.2018","67,04","67,55","67,95","66,29","477,49K","-0,81%"
"26.10.2018","67,59","66,95","67,88","66,20","595,21K","0,39%"
"25.10.2018","67,33","66,36","67,65","65,99","573,10K","0,76%"
"24.10.2018","66,82","66,17","67,72","66,05","775,96K","0,59%"
"23.10.2018","66,43","69,55","69,66","65,74","853,27K","-3,96%"
"22.10.2018","69,17","69,41","69,65","68,27","27,42K","0,07%"
"19.10.2018","69,12","68,68","69,77","68,56","108,31K","0,68%"
"18.10.2018","68,65","70,03","70,03","68,47","215,34K","-1,58%"
"17.10.2018","69,75","72,17","72,43","69,43","651,58K","-3,02%"
"16.10.2018","71,92","71,72","72,29","71,02","535,00K","0,20%"
"15.10.2018","71,78","71,85","72,70","70,85","568,61K","0,62%"
"12.10.2018","71,34","70,99","72,01","70,64","626,67K","0,52%"
"11.10.2018","70,97","72,68","72,76","70,51","783,96K","-3,01%"
"10.10.2018","73,17","74,66","75,08","72,38","652,74K","-2,39%"
"09.10.2018","74,96","74,21","75,28","74,00","623,54K","0,90%"
"08.10.2018","74,29","74,40","74,58","73,07","554,94K","-0,07%"
"05.10.2018","74,34","74,67","75,22","73,83","613,22K","0,01%"
"04.10.2018","74,33","76,18","76,47","73,88","687,95K","-2,72%"
"03.10.2018","76,41","75,12","76,90","74,30","698,82K","1,57%"
"02.10.2018","75,23","75,42","75,91","74,93","463,62K","-0,09%"
"01.10.2018","75,30","73,29","75,77","72,95","601,45K","2,80%"
"28.09.2018","73,25","72,18","73,73","71,88","544,05K","1,57%"
"27.09.2018","72,12","72,01","72,60","71,71","454,55K","0,77%"
"26.09.2018","71,57","72,09","72,38","71,47","464,46K","-0,98%"
"25.09.2018","72,28","72,25","72,78","71,89","551,28K","0,28%"
"24.09.2018","72,08","71,14","72,74","71,14","576,89K","1,84%"
"21.09.2018","70,78","70,20","71,80","69,98","855,94K","-0,03%"
"20.09.2018","70,80","71,39","71,81","70,73","28,40K","-0,45%"
"19.09.2018","71,12","69,71","71,50","69,65","125,21K","1,82%"
"18.09.2018","69,85","68,80","70,42","68,53","234,20K","1,36%"
"17.09.2018","68,91","68,93","69,72","68,53","422,29K","-0,12%"
"14.09.2018","68,99","68,79","69,91","67,94","611,08K","0,58%"
"13.09.2018","68,59","70,24","70,28","68,35","684,94K","-2,53%"
"12.09.2018","70,37","69,89","71,26","69,50","800,54K","1,62%"
"11.09.2018","69,25","67,53","70,01","67,48","676,87K","2,53%"
"10.09.2018","67,54","67,82","68,52","67,33","571,17K","-0,31%"
"07.09.2018","67,75","67,88","68,08","66,86","530,90K","-0,03%"
"06.09.2018","67,77","68,64","69,02","67,00","633,82K","-1,38%"
"05.09.2018","68,72","69,43","69,59","68,56","542,10K","-1,65%"
"04.09.2018","69,87","69,89","71,40","69,08","785,98K","-0,36%"
"03.09.2018","70,12","69,91","70,20","69,54","-","0,29%"
"02.09.2018","69,92","69,91","69,99","69,88","-","0,17%"
"31.08.2018","69,80","70,06","70,36","69,64","419,74K","-0,64%"
"30.08.2018","70,25","69,71","70,50","69,55","445,58K","1,06%"
"29.08.2018","69,51","68,54","69,76","68,37","497,10K","1,43%"
"28.08.2018","68,53","68,93","69,20","68,21","426,83K","-0,49%"
"27.08.2018","68,87","68,57","68,97","68,34","332,61K","0,22%"
"24.08.2018","68,72","67,90","69,31","67,78","517,80K","1,31%"
"23.08.2018","67,83","68,07","68,12","67,32","450,69K","-0,04%"
"22.08.2018","67,86","66,08","68,15","65,98","581,90K","0,76%"
"21.08.2018","67,35","66,62","68,10","66,52","27,15K","1,38%"
"20.08.2018","66,43","65,91","66,68","65,59","112,71K","0,79%"
"17.08.2018","65,91","65,47","66,39","65,30","171,40K","0,69%"
"16.08.2018","65,46","64,95","65,52","64,43","383,38K","0,69%"
"15.08.2018","65,01","66,62","66,90","64,51","573,47K","-3,03%"
"14.08.2018","67,04","67,42","68,37","66,58","538,48K","-0,24%"
"13.08.2018","67,20","67,78","67,95","65,71","578,22K","-0,64%"
"10.08.2018","67,63","66,74","67,87","66,14","524,49K","1,23%"
"09.08.2018","66,81","66,79","67,41","66,49","509,40K","-0,19%"
"08.08.2018","66,94","69,09","69,37","66,32","760,31K","-3,22%"
"07.08.2018","69,17","68,90","69,83","68,81","485,03K","0,23%"
"06.08.2018","69,01","68,65","69,92","68,50","495,61K","0,76%"
"03.08.2018","68,49","68,99","69,24","67,87","476,62K","-0,68%"
"02.08.2018","68,96","67,86","69,36","66,92","531,07K","1,92%"
"01.08.2018","67,66","68,43","68,52","67,31","576,56K","-1,60%"
"31.07.2018","68,76","70,05","70,22","67,98","519,07K","-1,95%"
"30.07.2018","70,13","69,01","70,43","68,80","463,01K","2,10%"
"27.07.2018","68,69","69,58","69,77","68,26","460,45K","-1,32%"
"26.07.2018","69,61","69,38","69,92","68,92","489,06K","0,45%"
"25.07.2018","69,30","68,77","69,70","68,20","622,91K","1,14%"
"24.07.2018","68,52","67,80","69,05","67,56","524,59K","0,93%"
"23.07.2018","67,89","68,17","69,31","67,60","555,92K","-3,65%"
"20.07.2018","70,46","69,39","71,10","69,37","25,56K","1,44%"
"19.07.2018","69,46","69,00","70,17","67,80","103,22K","1,02%"
"18.07.2018","68,76","67,61","69,06","67,04","187,31K","1,00%"
"17.07.2018","68,08","68,03","68,44","67,03","440,73K","0,03%"
"16.07.2018","68,06","70,52","70,87","67,58","530,48K","-4,15%"
"13.07.2018","71,01","70,38","71,66","69,84","530,28K","0,97%"
"12.07.2018","70,33","70,60","71,24","69,23","707,89K","-0,07%"
"11.07.2018","70,38","74,20","74,26","70,02","861,73K","-5,03%"
"10.07.2018","74,11","74,04","74,70","73,65","586,83K","0,35%"
"09.07.2018","73,85","73,87","74,28","72,99","533,00K","0,07%"
"06.07.2018","73,80","73,16","74,01","72,14","611,42K","1,18%"
"05.07.2018","72,94","74,23","74,90","72,53","841,63K","-1,61%"
"04.07.2018","74,13","74,62","74,76","73,52","-","-0,01%"
"03.07.2018","74,14","74,08","75,27","72,73","667,24K","0,27%"
"02.07.2018","73,94","73,62","74,35","72,51","652,17K","-0,28%"